employee_id,name,age,department,date_of_joining,years_of_experience,country,salary,performance_rating,total_sales,support_rating
1059,Eric Duncan,58,Other,2012-01-01,14,KALDORA,115029.00,3,NULL,NULL
1472,Stephen Cummings,36,Sales,2015-01-01,6,KALDORA,127621.00,3,87491.00,NULL
2013,Wendy Thompson,50,Other,2023-01-01,14,KALDORA,111718.00,4,NULL,NULL
2136,Tara Garcia,58,Other,2019-01-01,13,KALDORA,125536.00,4,NULL,NULL
2240,Connor Terry,46,Support,2012-01-01,19,KALDORA,109691.00,5,NULL,4
2476,Laurie Bailey,41,Marketing,2010-01-01,7,KALDORA,95789.00,5,NULL,NULL
2528,Brooke Newman,41,Other,2025-01-01,13,KALDORA,102515.00,5,NULL,NULL
2653,James Rocha,33,Other,2015-01-01,9,KALDORA,99427.00,2,NULL,NULL
2878,Kimberly Perry,41,Sales,2024-01-01,18,KALDORA,NULL,1,32277.00,NULL
2930,Mark Frank,39,Other,2017-01-01,9,KALDORA,114361.00,4,NULL,NULL
3029,Keith Smith,38,Support,2011-01-01,13,KALDORA,122762.00,5,NULL,5
3038,Katherine Frost,56,Sales,2021-01-01,17,KALDORA,99235.00,2,43481.00,NULL
3043,Paula Archer,25,Other,2017-01-01,2,KALDORA,NULL,4,NULL,NULL
3287,Michelle Long,29,Other,2020-01-01,7,KALDORA,89497.00,2,NULL,NULL
3305,Kyle Lawson,40,Sales,2023-01-01,5,KALDORA,105310.00,2,53214.00,NULL
3374,Madison Moreno,57,Sales,2017-01-01,18,KALDORA,118278.00,3,69097.00,NULL
3446,Marvin Phelps,24,Other,2010-01-01,1,KALDORA,97307.00,5,NULL,NULL
3472,Chad Padilla,29,Other,2021-01-01,6,KALDORA,99903.00,4,NULL,NULL
3578,Charles Fleming,54,Other,2024-01-01,9,KALDORA,NULL,4,NULL,NULL
3592,Jessica Pitts,51,Sales,2016-01-01,18,KALDORA,84295.00,1,21718.00,NULL
3673,Gabriela Crawford,35,Support,2019-01-01,11,KALDORA,98392.00,3,NULL,3
3724,Juan Armstrong,60,Other,2019-01-01,20,KALDORA,126538.00,2,NULL,NULL
3797,Albert Davies,44,Marketing,2021-01-01,16,KALDORA,117613.00,4,NULL,NULL
3956,Scott Clark,54,Support,2023-01-01,20,KALDORA,113104.00,4,NULL,5
4166,Jade Craig,34,Other,2010-01-01,1,KALDORA,90965.00,5,NULL,NULL
4295,Barbara Brooks,53,Sales,2011-01-01,16,KALDORA,158329.00,4,132746.00,NULL
4308,Denise Walker,58,Other,2026-01-01,18,KALDORA,100032.00,2,NULL,NULL
4401,Lisa Powers,53,Other,2013-01-01,18,KALDORA,117896.00,4,NULL,NULL
4455,Daniel Jordan,51,Other,2020-01-01,9,KALDORA,99088.00,4,NULL,NULL
4596,Robert Cohen,42,Marketing,2010-01-01,2,KALDORA,84284.00,4,NULL,NULL
4674,NULL,31,Support,2015-01-01,8,KALDORA,92213.00,2,NULL,3
4675,Nicole Garcia,56,Other,2017-01-01,14,KALDORA,123136.00,5,NULL,NULL
4721,Alan Weaver,41,Support,2021-01-01,11,KALDORA,93355.00,2,NULL,3
4775,Mia Vargas,52,Other,2024-01-01,8,KALDORA,266751.00,5,NULL,NULL
4874,Rebecca Harrison,55,Support,2016-01-01,11,KALDORA,100023.00,4,NULL,3
5140,Zachary White,38,Other,2015-01-01,8,KALDORA,99374.00,3,NULL,NULL
5181,Kathy Jordan,40,Other,2018-01-01,12,KALDORA,106986.00,2,NULL,NULL
5207,Kevin Clark,43,Support,2026-01-01,3,KALDORA,84106.00,3,NULL,3
5672,Bradley Johnson,43,Other,2015-01-01,19,KALDORA,124723.00,5,NULL,NULL
5908,Marvin Gray,38,Other,2010-01-01,10,KALDORA,113031.00,5,NULL,NULL
5937,Lisa Wilkinson,37,Support,2025-01-01,5,KALDORA,NULL,1,NULL,2
6087,NULL,29,Sales,2023-01-01,3,KALDORA,125066.00,2,89781.00,NULL
6237,Marisa Davis,31,Sales,2012-01-01,4,KALDORA,104709.00,2,50562.00,NULL
6296,Mr. William Kane,32,Other,2015-01-01,1,KALDORA,76739.00,2,NULL,NULL
6671,Tammy Wood,42,Other,2012-01-01,16,KALDORA,119623.00,3,NULL,NULL
6712,Shannon Lambert,38,Other,2024-01-01,11,KALDORA,95778.00,2,NULL,NULL
6837,Melissa Steele,42,Other,2025-01-01,14,KALDORA,96708.00,3,NULL,NULL
6909,Jessica Jenkins,52,Other,2025-01-01,14,KALDORA,104847.00,5,NULL,NULL
7128,Mr. Joseph Mcclain,28,Other,2015-01-01,2,KALDORA,79816.00,2,NULL,NULL
7164,NULL,43,Sales,2022-01-01,13,KALDORA,107357.00,2,71090.00,NULL
7214,Dr. Nancy Lopez,48,Support,2024-01-01,12,KALDORA,70679.00,1,NULL,1
7216,Melissa Martinez,57,Support,2021-01-01,14,KALDORA,112613.00,4,NULL,4
7227,Oscar Thomas,NULL,Support,2010-01-01,15,KALDORA,82555.00,2,NULL,1
7255,Debbie Alexander MD,59,Support,2025-01-01,18,KALDORA,88207.00,3,NULL,3
7288,Blake Li,43,Sales,2023-01-01,11,KALDORA,162944.00,5,134663.00,NULL
7379,Jennifer Powell,43,Other,2017-01-01,2,KALDORA,84037.00,3,NULL,NULL
7544,Wesley Baxter,54,Sales,2021-01-01,19,KALDORA,87535.00,1,29328.00,NULL
7837,Kimberly Allen,45,Marketing,2026-01-01,9,KALDORA,80376.00,2,NULL,NULL
8202,Matthew Burton,33,Other,2019-01-01,8,KALDORA,99764.00,3,NULL,NULL
8331,Gary Morris,48,Other,2016-01-01,4,KALDORA,89575.00,3,NULL,NULL
8734,Thomas Graham,50,Support,2026-01-01,14,KALDORA,105927.00,5,NULL,5
8745,Stephen Landry,54,Sales,2012-01-01,16,KALDORA,118371.00,3,68153.00,NULL
8816,Tyler Hernandez,51,Other,2023-01-01,15,KALDORA,120016.00,5,NULL,NULL
8888,Brian Martinez,58,Sales,2022-01-01,13,KALDORA,125544.00,2,85923.00,NULL
8954,Charles Morris,38,Other,2012-01-01,12,KALDORA,109602.00,5,NULL,NULL
9269,Timothy Humphrey,49,Other,2025-01-01,6,KALDORA,84657.00,3,NULL,NULL
9363,Jason Ochoa,38,Support,2023-01-01,14,KALDORA,87070.00,2,NULL,3
9509,Laura Hernandez,50,Marketing,2013-01-01,6,KALDORA,84923.00,2,NULL,NULL
9534,Ann Morris,46,Other,2026-01-01,13,KALDORA,105911.00,4,NULL,NULL
9830,Justin Jimenez,56,Other,2020-01-01,16,KALDORA,127841.00,5,NULL,NULL
1091,NULL,46,Support,2017-01-01,11,AQUALIS,97129.00,3,NULL,3
1129,NULL,39,Other,2025-01-01,7,AQUALIS,92710.00,4,NULL,NULL
1228,Deborah Russell,43,Other,2011-01-01,11,AQUALIS,100715.00,3,NULL,NULL
1348,Julie Williams,40,Other,2019-01-01,3,AQUALIS,82507.00,2,NULL,NULL
1506,Elizabeth Ruiz,45,Other,2016-01-01,14,AQUALIS,102719.00,2,NULL,NULL
1525,Christopher Miller,35,Other,2012-01-01,3,AQUALIS,100498.00,5,NULL,NULL
1526,Margaret Moore,51,Other,2011-01-01,10,AQUALIS,102375.00,4,NULL,NULL
1676,Kimberly Thornton,NULL,Support,2010-01-01,9,AQUALIS,106779.00,4,NULL,3
1828,NULL,40,Marketing,2015-01-01,18,AQUALIS,120197.00,4,NULL,NULL
2229,Angela Moore,29,Sales,2023-01-01,4,AQUALIS,151547.00,4,135492.00,NULL
2440,Thomas Romero,49,Marketing,2011-01-01,7,AQUALIS,94844.00,5,NULL,NULL
2966,NULL,30,Sales,2017-01-01,3,AQUALIS,144893.00,4,98804.00,NULL
2980,Lisa Morales,45,Other,2023-01-01,17,AQUALIS,119264.00,2,NULL,NULL
3183,Jennifer Watson,30,Other,2012-01-01,8,AQUALIS,100759.00,3,NULL,NULL
3204,Richard Lucas,47,Other,2013-01-01,4,AQUALIS,90427.00,4,NULL,NULL
3216,Stephen Johnson,58,Other,2026-01-01,16,AQUALIS,95284.00,2,NULL,NULL
3355,Melissa Hamilton,44,Support,2018-01-01,13,AQUALIS,87598.00,2,NULL,2
3601,Cody Forbes,49,Marketing,2010-01-01,20,AQUALIS,110002.00,2,NULL,NULL
3617,Jessica Yoder,45,Marketing,2017-01-01,11,AQUALIS,102035.00,5,NULL,NULL
3624,Pamela Moses,37,Marketing,2023-01-01,8,AQUALIS,91684.00,3,NULL,NULL
3647,Brandon Farley,26,Other,2023-01-01,4,AQUALIS,80640.00,2,NULL,NULL
3881,Edward Watson,49,Support,2022-01-01,5,AQUALIS,83385.00,2,NULL,1
3938,John Bradley,48,Support,2023-01-01,17,AQUALIS,78458.00,1,NULL,2
4005,Cheryl Gay,40,Other,2010-01-01,10,AQUALIS,104442.00,3,NULL,NULL
4028,Mark Powers,43,Other,2012-01-01,5,AQUALIS,91914.00,4,NULL,NULL
4268,Shannon Mcdowell,50,Marketing,2025-01-01,15,AQUALIS,95387.00,3,NULL,NULL
4307,Jennifer Graham,60,Marketing,2019-01-01,18,AQUALIS,107216.00,2,NULL,NULL
4524,Carl Arnold,33,Other,2018-01-01,9,AQUALIS,93019.00,2,NULL,NULL
4594,Michelle Collins,40,Other,2026-01-01,1,AQUALIS,67691.00,2,NULL,NULL
4776,Michelle Hunter,61,Other,2026-01-01,16,AQUALIS,113374.00,4,NULL,NULL
4832,Shannon Hubbard,42,Marketing,2020-01-01,10,AQUALIS,93150.00,2,NULL,NULL
4867,Megan Palmer,34,Other,2019-01-01,12,AQUALIS,114976.00,4,NULL,NULL
4945,Charles Bean,43,Other,2013-01-01,7,AQUALIS,89072.00,2,NULL,NULL
5101,Donald Green,49,Other,2021-01-01,17,AQUALIS,117308.00,4,NULL,NULL
5272,Nancy Howard,49,Other,2020-01-01,9,AQUALIS,100333.00,4,NULL,NULL
5301,Mary Flores,38,Support,2014-01-01,2,AQUALIS,107645.00,4,NULL,3
5675,Michael Obrien,25,Other,2012-01-01,2,AQUALIS,97867.00,5,NULL,NULL
5944,Ryan Hurley,31,Other,2020-01-01,2,AQUALIS,96772.00,4,NULL,NULL
5955,Jeffrey Guzman,35,Support,2023-01-01,3,AQUALIS,91559.00,4,NULL,3
5979,Timothy Gomez,38,Other,2017-01-01,5,AQUALIS,99711.00,4,NULL,NULL
6289,Eddie Hernandez,56,Sales,2021-01-01,15,AQUALIS,120733.00,2,78920.00,NULL
6408,Deborah Davis,53,Sales,2010-01-01,18,AQUALIS,156659.00,4,118274.00,NULL
6528,David Moreno,26,Other,2010-01-01,1,AQUALIS,80628.00,2,NULL,NULL
6574,Karen Alvarez,60,Other,2018-01-01,18,AQUALIS,111983.00,2,NULL,NULL
6601,Anne Peterson,43,Other,2015-01-01,12,AQUALIS,109800.00,3,NULL,NULL
6818,Ricky Williams,29,Sales,2013-01-01,6,AQUALIS,127799.00,3,85563.00,NULL
6942,Russell Norman,34,Other,2021-01-01,5,AQUALIS,85979.00,2,NULL,NULL
7132,Jacqueline Ford MD,50,Other,2010-01-01,12,AQUALIS,110178.00,3,NULL,NULL
7191,Michael Burton,49,Other,2017-01-01,7,AQUALIS,93394.00,3,NULL,NULL
7444,Michael Lopez,52,Sales,2017-01-01,16,AQUALIS,144532.00,4,95093.00,NULL
7529,Jennifer Johnson,51,Other,2013-01-01,14,AQUALIS,128467.00,4,NULL,NULL
7686,Nathaniel Johnson,61,Other,2016-01-01,18,AQUALIS,125522.00,3,NULL,NULL
7829,Richard Morris,46,Other,2025-01-01,5,AQUALIS,87558.00,4,NULL,NULL
7856,John Robinson,52,Other,2023-01-01,20,AQUALIS,130287.00,3,NULL,NULL
8018,Linda Martinez,42,Sales,2020-01-01,10,AQUALIS,164328.00,5,139431.00,NULL
8100,Christopher Moyer,39,Support,2023-01-01,5,AQUALIS,85693.00,1,NULL,2
8330,Lynn Best,41,Other,2025-01-01,17,AQUALIS,109938.00,2,NULL,NULL
8397,Michelle Williams,27,Other,2021-01-01,1,AQUALIS,95472.00,5,NULL,NULL
8552,Tammy Randall,45,Other,2021-01-01,12,AQUALIS,107608.00,2,NULL,NULL
8610,Jorge Perez,42,Marketing,2017-01-01,3,AQUALIS,95538.00,5,NULL,NULL
8670,Elizabeth Lewis,51,Other,2019-01-01,6,AQUALIS,93472.00,2,NULL,NULL
8678,Mrs. Carla Anderson MD,49,Other,2016-01-01,16,AQUALIS,119030.00,3,NULL,NULL
8694,Mary Johnson,47,Other,2013-01-01,12,AQUALIS,108095.00,2,NULL,NULL
8696,Angela Scott DDS,40,Support,2013-01-01,16,AQUALIS,108005.00,4,NULL,4
8772,Timothy Brown,40,Other,2019-01-01,11,AQUALIS,107159.00,3,NULL,NULL
9009,Ian Moody,37,Sales,2015-01-01,3,AQUALIS,99303.00,2,44516.00,NULL
9013,Steven Hawkins,46,Support,2022-01-01,19,AQUALIS,99047.00,4,NULL,4
9091,Eric Johnson,40,Support,2018-01-01,5,AQUALIS,78115.00,1,NULL,1
9253,Danielle Duran,33,Other,2024-01-01,5,AQUALIS,95326.00,5,NULL,NULL
9373,Derrick Cochran,35,Other,2014-01-01,9,AQUALIS,114557.00,4,NULL,NULL
9589,Theresa Mcintyre,55,Other,2016-01-01,20,AQUALIS,119350.00,3,NULL,NULL
1054,James Brown,46,Other,2012-01-01,5,XENTARA,NULL,5,NULL,NULL
1394,Sherri Moreno,45,Other,2022-01-01,15,XENTARA,115754.00,2,NULL,NULL
1428,Robin Velazquez,33,Other,2018-01-01,1,XENTARA,94151.00,5,NULL,NULL
1446,Christian Parsons,59,Other,2017-01-01,20,XENTARA,142677.00,4,NULL,NULL
1581,NULL,45,Support,2023-01-01,15,XENTARA,84719.00,1,NULL,2
1784,NULL,57,Sales,2019-01-01,19,XENTARA,118326.00,3,68779.00,NULL
1814,Amanda Glover,58,Other,2023-01-01,16,XENTARA,112297.00,3,NULL,NULL
1837,Paul Cooper,40,Other,2016-01-01,4,XENTARA,94991.00,5,NULL,NULL
2383,Trevor Lyons,38,Sales,2012-01-01,12,XENTARA,103446.00,2,49302.00,NULL
2443,Andrew Valencia,52,Marketing,2021-01-01,14,XENTARA,101807.00,3,NULL,NULL
2504,Breanna Arroyo,38,Other,2020-01-01,3,XENTARA,NULL,3,NULL,NULL
2556,Eric Wagner,38,Other,2019-01-01,9,XENTARA,107210.00,4,NULL,NULL
2575,Michael Hunt,51,Sales,2023-01-01,19,XENTARA,130406.00,4,97435.00,NULL
2596,Jesse Green,34,Other,2017-01-01,1,XENTARA,77341.00,2,NULL,NULL
2606,Christopher Hoffman,NULL,Marketing,2016-01-01,9,XENTARA,90594.00,2,NULL,NULL
2781,Mark Smith,62,Other,2018-01-01,19,XENTARA,126522.00,4,NULL,NULL
3115,Andrea Baldwin,52,Other,2022-01-01,10,XENTARA,108141.00,5,NULL,NULL
3251,Aaron Juarez,39,Support,2024-01-01,5,XENTARA,101802.00,5,NULL,4
3255,Chelsea Jones MD,42,Other,2019-01-01,20,XENTARA,135030.00,4,NULL,NULL
3522,Keith Hines,52,Other,2024-01-01,9,XENTARA,103080.00,5,NULL,NULL
3541,Johnny Harrington,49,Other,2016-01-01,11,XENTARA,105467.00,2,NULL,NULL
3567,April Trujillo,40,Marketing,2024-01-01,6,XENTARA,90503.00,4,NULL,NULL
3630,Brandon Jones,52,Other,2015-01-01,11,XENTARA,112102.00,4,NULL,NULL
3736,Kimberly Miller,30,Other,2023-01-01,3,XENTARA,90760.00,5,NULL,NULL
3825,James Blackwell,40,Marketing,2024-01-01,3,XENTARA,78051.00,2,NULL,NULL
4129,Mr. Joshua Perry,46,Support,2011-01-01,12,XENTARA,89419.00,3,NULL,2
4850,Mark Dougherty,46,Other,2026-01-01,3,XENTARA,72219.00,2,NULL,NULL
4973,Nicholas Taylor,41,Other,2017-01-01,3,XENTARA,88272.00,3,NULL,NULL
4996,NULL,56,Other,2013-01-01,12,XENTARA,102580.00,3,NULL,NULL
5028,Janice Gibson,39,Other,2018-01-01,16,XENTARA,114699.00,4,NULL,NULL
5029,Dustin Kaufman,52,Other,2018-01-01,14,XENTARA,114753.00,3,NULL,NULL
5156,Kari Moss,NULL,Marketing,2022-01-01,15,XENTARA,109579.00,5,NULL,NULL
5230,Roger Golden,47,Other,2020-01-01,15,XENTARA,119866.00,4,NULL,NULL
5264,Eric Zimmerman,44,Support,2023-01-01,1,XENTARA,NULL,5,NULL,5
5649,NULL,25,Other,2020-01-01,3,XENTARA,95782.00,4,NULL,NULL
5767,Glenn Carey,46,Other,2014-01-01,2,XENTARA,96740.00,4,NULL,NULL
5949,Darren Duncan,28,Support,2011-01-01,3,XENTARA,77973.00,1,NULL,1
6763,Taylor Hartman,62,Support,2014-01-01,18,XENTARA,93339.00,2,NULL,3
6893,Keith Holden,54,Other,2025-01-01,11,XENTARA,94900.00,2,NULL,NULL
7148,Charles Jones,24,Sales,2017-01-01,1,XENTARA,116664.00,3,65357.00,NULL
7221,Sara Pollard,46,Sales,2019-01-01,11,XENTARA,132526.00,3,94504.00,NULL
7366,Patrick Shaw,31,Sales,2018-01-01,7,XENTARA,123383.00,3,75147.00,NULL
7396,Allison Donovan,40,Support,2024-01-01,13,XENTARA,70566.00,1,NULL,1
7535,Kevin Adams,32,Support,2017-01-01,5,XENTARA,111912.00,4,NULL,5
7709,Jennifer Green,54,Support,2019-01-01,16,XENTARA,112860.00,4,NULL,5
8092,Howard Wilson,43,Other,2012-01-01,16,XENTARA,125096.00,5,NULL,NULL
8352,Jessica Curtis,48,Sales,2012-01-01,7,XENTARA,140642.00,3,109041.00,NULL
8500,Martin Sanchez,48,Other,2010-01-01,19,XENTARA,133351.00,4,NULL,NULL
8707,Stacey Andrews,40,Marketing,2014-01-01,6,XENTARA,92799.00,4,NULL,NULL
8927,Wayne Griffin,37,Support,2020-01-01,15,XENTARA,84162.00,1,NULL,2
9027,Jessica Edwards,34,Other,2016-01-01,3,XENTARA,84833.00,3,NULL,NULL
9083,Denise Cunningham DDS,42,Other,2017-01-01,9,XENTARA,97998.00,3,NULL,NULL
9293,Jennifer Bond,60,Other,2025-01-01,16,XENTARA,115275.00,4,NULL,NULL
9319,Amber Pierce,45,Support,2013-01-01,12,XENTARA,88281.00,2,NULL,2
9362,Brandy Lindsey,45,Marketing,2017-01-01,12,XENTARA,NULL,5,NULL,NULL
9453,Thomas Perez,56,Other,2014-01-01,13,XENTARA,110123.00,2,NULL,NULL
9572,Samuel Krueger,50,Marketing,2012-01-01,17,XENTARA,107700.00,3,NULL,NULL
9642,Scott Archer,35,Other,2026-01-01,3,XENTARA,258291.00,3,NULL,NULL
9643,Jessica Trujillo,48,Other,2021-01-01,6,XENTARA,104521.00,5,NULL,NULL
9691,Lydia Wong,56,Other,2021-01-01,19,XENTARA,135410.00,5,NULL,NULL
9810,Rose Petersen,37,Other,2015-01-01,8,XENTARA,92759.00,2,NULL,NULL
9824,Kylie Hanson,45,Other,2026-01-01,9,XENTARA,99110.00,5,NULL,NULL
9872,Stephanie Taylor,41,Other,2016-01-01,8,XENTARA,98391.00,2,NULL,NULL
9943,James Johnson,59,Other,2011-01-01,18,XENTARA,122617.00,2,NULL,NULL
1137,Cynthia Rose,52,Sales,2013-01-01,13,ARKALON,145536.00,3,116761.00,NULL
1286,Brandon Morton,42,Other,2018-01-01,19,ARKALON,139999.00,4,NULL,NULL
1573,NULL,49,Sales,2015-01-01,16,ARKALON,87286.00,1,28457.00,NULL
1578,Kyle Lara,25,Other,2016-01-01,1,ARKALON,80381.00,2,NULL,NULL
1701,Ashley Matthews,42,Sales,2016-01-01,19,ARKALON,109894.00,2,62719.00,NULL
1757,Roberto Griffin MD,28,Other,2017-01-01,4,ARKALON,88110.00,2,NULL,NULL
2162,Amanda Hogan,46,Other,2010-01-01,3,ARKALON,93113.00,5,NULL,NULL
2212,Steven King,45,Support,2022-01-01,20,ARKALON,115326.00,5,NULL,5
2309,Peter Klein,44,Support,2018-01-01,2,ARKALON,85275.00,1,NULL,2
2382,Melissa Goodman,34,Marketing,2023-01-01,4,ARKALON,88082.00,4,NULL,NULL
2634,Edwin Gallegos,54,Other,2020-01-01,9,ARKALON,106517.00,4,NULL,NULL
2739,Joseph Garcia,49,Support,2010-01-01,17,ARKALON,123019.00,5,NULL,5
2829,Louis Jennings,42,Marketing,2013-01-01,12,ARKALON,103024.00,4,NULL,NULL
2857,Katherine Chen,38,Sales,2021-01-01,7,ARKALON,164254.00,5,138054.00,NULL
3414,NULL,56,Other,2016-01-01,14,ARKALON,107100.00,3,NULL,NULL
3450,Christina Baker,48,Other,2011-01-01,3,ARKALON,102443.00,5,NULL,NULL
3584,David Mullen,59,Other,2025-01-01,14,ARKALON,102212.00,2,NULL,NULL
3650,Whitney White,37,Other,2017-01-01,13,ARKALON,117707.00,4,NULL,NULL
3726,Alicia Rangel,47,Other,2016-01-01,17,ARKALON,119965.00,2,NULL,NULL
3744,Katherine Patel,64,Other,2014-01-01,20,ARKALON,NULL,3,NULL,NULL
3756,Meagan Wilkins,55,Other,2012-01-01,15,ARKALON,NULL,3,NULL,NULL
3932,Cassandra Harrell,54,Other,2017-01-01,14,ARKALON,NULL,2,NULL,NULL
4058,Sabrina Mills,46,Other,2024-01-01,13,ARKALON,107842.00,4,NULL,NULL
4218,Amanda Chavez,36,Other,2023-01-01,9,ARKALON,94109.00,3,NULL,NULL
4372,Brandon Short,46,Marketing,2022-01-01,19,ARKALON,NULL,3,NULL,NULL
4385,NULL,31,Other,2013-01-01,6,ARKALON,100464.00,4,NULL,NULL
4748,James Daniel,33,Other,2025-01-01,8,ARKALON,87226.00,4,NULL,NULL
4921,Christine Newton,37,Support,2011-01-01,4,ARKALON,NULL,3,NULL,3
4927,Scott Ellis,47,Other,2024-01-01,4,ARKALON,84189.00,2,NULL,NULL
4966,Jerry Freeman,56,Other,2014-01-01,17,ARKALON,NULL,3,NULL,NULL
5136,Sandra Castro,47,Support,2012-01-01,7,ARKALON,114619.00,5,NULL,5
5238,Donna Vasquez,49,Other,2012-01-01,10,ARKALON,119742.00,5,NULL,NULL
5347,Marcus Mendez,51,Sales,2026-01-01,19,ARKALON,127595.00,3,106953.00,NULL
5387,Jennifer Davis,51,Other,2025-01-01,19,ARKALON,124147.00,5,NULL,NULL
5446,Katherine Lewis,37,Other,2015-01-01,6,ARKALON,94065.00,3,NULL,NULL
5474,Mark Scott,48,Other,2010-01-01,11,ARKALON,122339.00,5,NULL,NULL
5556,Joseph Cook,39,Other,2021-01-01,9,ARKALON,110473.00,5,NULL,NULL
5557,Jeremy Hurley,48,Other,2016-01-01,20,ARKALON,115510.00,2,NULL,NULL
5620,NULL,45,Other,2024-01-01,8,ARKALON,91772.00,3,NULL,NULL
5990,Angela Brown,56,Other,2016-01-01,15,ARKALON,110575.00,3,NULL,NULL
6048,Jon Simmons,60,Other,2013-01-01,18,ARKALON,137834.00,4,NULL,NULL
6155,Allison Hernandez,52,Marketing,2013-01-01,20,ARKALON,112808.00,3,NULL,NULL
6215,Tony Bowman,59,Other,2012-01-01,16,ARKALON,132566.00,4,NULL,NULL
6430,Kimberly Shelton,43,Sales,2024-01-01,13,ARKALON,107779.00,2,74080.00,NULL
6571,Travis Owen,39,Other,2019-01-01,15,ARKALON,500000.00,3,NULL,NULL
6903,Kathleen Brewer,48,Sales,2016-01-01,3,ARKALON,120901.00,3,72319.00,NULL
7010,Erika Morrison,60,Support,2024-01-01,20,ARKALON,105623.00,4,NULL,5
7285,Crystal Baker,36,Other,2017-01-01,7,ARKALON,103335.00,4,NULL,NULL
7402,Mark Koch,36,Support,2019-01-01,8,ARKALON,118297.00,5,NULL,4
7407,Wesley Stewart,36,Other,2022-01-01,3,ARKALON,74527.00,2,NULL,NULL
7688,Michael Lewis,48,Other,2020-01-01,19,ARKALON,128225.00,4,NULL,NULL
7718,John Bennett,29,Other,2020-01-01,7,ARKALON,101640.00,4,NULL,NULL
7823,Susan Raymond,37,Support,2017-01-01,10,ARKALON,103243.00,3,NULL,4
7925,Lisa Holt,39,Sales,2020-01-01,6,ARKALON,159774.00,4,123059.00,NULL
7954,Lori Pacheco,57,Other,2015-01-01,16,ARKALON,131941.00,4,NULL,NULL
8793,Luke Sanders,60,Support,2022-01-01,15,ARKALON,113303.00,4,NULL,5
8813,Angel Weber,45,Other,2024-01-01,4,ARKALON,76524.00,3,NULL,NULL
8914,Cheyenne Williams,47,Other,2016-01-01,13,ARKALON,127686.00,5,NULL,NULL
9014,Benjamin Weaver,31,Other,2022-01-01,5,ARKALON,85727.00,4,NULL,NULL
9473,Ricky Galvan,47,Support,2011-01-01,16,ARKALON,78096.00,1,NULL,1
9505,Keith Ellis,31,Support,2025-01-01,8,ARKALON,82524.00,2,NULL,3
9847,Jason Smith,49,Marketing,2023-01-01,18,ARKALON,105651.00,4,NULL,NULL
9904,Sabrina Vasquez,58,Other,2022-01-01,17,ARKALON,127965.00,4,NULL,NULL
1030,David Brennan,35,Sales,2026-01-01,12,LUMERIA,95507.00,2,56215.00,NULL
1219,Kelly Brandt,53,Other,2019-01-01,9,LUMERIA,102300.00,3,NULL,NULL
1329,Kayla Jones,57,Sales,2017-01-01,14,LUMERIA,159990.00,4,139253.00,NULL
1349,April Manning,43,Support,2014-01-01,8,LUMERIA,89555.00,3,NULL,2
1501,Samantha Wilson,31,Other,2019-01-01,6,LUMERIA,90304.00,3,NULL,NULL
1656,Tina Morris,34,Other,2016-01-01,8,LUMERIA,93240.00,2,NULL,NULL
1662,Lisa Estrada,62,Other,2019-01-01,18,LUMERIA,130282.00,4,NULL,NULL
1708,Michele Perry,46,Other,2021-01-01,5,LUMERIA,102970.00,5,NULL,NULL
1846,Nancy Smith,48,Support,2021-01-01,9,LUMERIA,117886.00,5,NULL,4
1947,Sarah Matthews,42,Other,2019-01-01,19,LUMERIA,125473.00,2,NULL,NULL
1991,Craig Murphy,37,Other,2015-01-01,11,LUMERIA,112023.00,4,NULL,NULL
2014,James Williams,35,Other,2012-01-01,3,LUMERIA,103251.00,5,NULL,NULL
2329,Autumn Skinner,48,Sales,2016-01-01,5,LUMERIA,119742.00,3,72336.00,NULL
2405,Denise Phillips,37,Support,2017-01-01,14,LUMERIA,115791.00,5,NULL,5
2429,Stephanie Schmitt,36,Other,2012-01-01,11,LUMERIA,104697.00,4,NULL,NULL
2687,Anthony Hines,62,Other,2024-01-01,19,LUMERIA,129152.00,4,NULL,NULL
2800,Samantha Ellis,51,Support,2025-01-01,20,LUMERIA,76609.00,2,NULL,2
2994,Cassandra Ingram,48,Other,2015-01-01,18,LUMERIA,125298.00,3,NULL,NULL
3036,NULL,47,Other,2018-01-01,10,LUMERIA,NULL,4,NULL,NULL
3340,John Salazar,57,Support,2016-01-01,17,LUMERIA,NULL,2,NULL,2
3422,Mary Anderson,41,Other,2012-01-01,2,LUMERIA,79466.00,2,NULL,NULL
3550,Michelle Coleman,55,Sales,2015-01-01,12,LUMERIA,149438.00,4,117395.00,NULL
3609,Kaitlyn Riggs,23,Other,2012-01-01,1,LUMERIA,79819.00,2,NULL,NULL
4035,Alejandra Alvarez,54,Other,2014-01-01,11,LUMERIA,120996.00,4,NULL,NULL
4038,Cynthia Mitchell,45,Marketing,2022-01-01,15,LUMERIA,101543.00,5,NULL,NULL
4162,Erin Alvarado,59,Marketing,2021-01-01,14,LUMERIA,101830.00,3,NULL,NULL
4342,Sarah Hart,45,Other,2018-01-01,3,LUMERIA,85033.00,2,NULL,NULL
4527,Jimmy Hansen,29,Support,2012-01-01,6,LUMERIA,82177.00,2,NULL,1
4612,Samantha Castaneda,53,Support,2024-01-01,12,LUMERIA,77739.00,1,NULL,1
4646,James Martin,27,Other,2020-01-01,3,LUMERIA,88059.00,3,NULL,NULL
4698,Jessica Thomas,48,Other,2023-01-01,19,LUMERIA,127190.00,3,NULL,NULL
4833,Cassandra Johnson,40,Other,2010-01-01,17,LUMERIA,119462.00,2,NULL,NULL
5067,Matthew Fritz,52,Other,2022-01-01,8,LUMERIA,NULL,2,NULL,NULL
5235,Mrs. Ashley Brown,34,Sales,2025-01-01,10,LUMERIA,NULL,3,83234.00,NULL
5511,Michael Lawson,38,Other,2018-01-01,12,LUMERIA,118482.00,5,NULL,NULL
5531,Eric Johnson,50,Sales,2011-01-01,17,LUMERIA,135761.00,3,99961.00,NULL
5536,Briana Perry,54,Other,2022-01-01,20,LUMERIA,500000.00,3,NULL,NULL
5587,Misty Chan,45,Other,2018-01-01,6,LUMERIA,87583.00,2,NULL,NULL
5637,Steven Carter,37,Support,2019-01-01,9,LUMERIA,89128.00,3,NULL,2
5669,Donald Orr DVM,28,Marketing,2019-01-01,5,LUMERIA,82767.00,2,NULL,NULL
5728,Cynthia Smith,32,Support,2012-01-01,10,LUMERIA,76736.00,1,NULL,1
5799,Ashley Roberts,33,Other,2017-01-01,3,LUMERIA,102261.00,5,NULL,NULL
6228,Alvin Hicks,32,Other,2014-01-01,9,LUMERIA,101851.00,3,NULL,NULL
6232,NULL,41,Support,2015-01-01,13,LUMERIA,112957.00,4,NULL,5
6325,NULL,36,Other,2025-01-01,7,LUMERIA,92024.00,4,NULL,NULL
6340,Stacey White,33,Support,2017-01-01,5,LUMERIA,82377.00,2,NULL,1
6461,Krystal Lopez,46,Other,2013-01-01,7,LUMERIA,109029.00,4,NULL,NULL
6815,Shane Peterson,48,Other,2012-01-01,3,LUMERIA,87348.00,4,NULL,NULL
7280,Walter Elliott,41,Other,2010-01-01,1,LUMERIA,97413.00,5,NULL,NULL
7286,Andrew Scott,48,Marketing,2016-01-01,16,LUMERIA,117349.00,4,NULL,NULL
7345,Misty Stone,51,Other,2012-01-01,7,LUMERIA,104991.00,5,NULL,NULL
7696,Evan Walters,47,Other,2025-01-01,8,LUMERIA,92989.00,5,NULL,NULL
7977,Teresa Wright,44,Support,2011-01-01,14,LUMERIA,107505.00,4,NULL,4
8050,Elizabeth Thomas,56,Sales,2018-01-01,18,LUMERIA,115333.00,2,69545.00,NULL
8271,Karen Irwin,45,Marketing,2022-01-01,4,LUMERIA,86849.00,4,NULL,NULL
8284,Nicole Hardy,38,Other,2023-01-01,13,LUMERIA,107493.00,4,NULL,NULL
8349,Theresa Mcguire,51,Other,2018-01-01,8,LUMERIA,107111.00,5,NULL,NULL
8385,Daniel Lawrence,42,Support,2023-01-01,16,LUMERIA,112275.00,4,NULL,5
8430,Maria Long,32,Support,2022-01-01,5,LUMERIA,95301.00,3,NULL,4
8554,Heather Miller,34,Sales,2012-01-01,9,LUMERIA,144225.00,3,119450.00,NULL
9332,Kathryn Jones,45,Other,2019-01-01,7,LUMERIA,100865.00,5,NULL,NULL
9761,Susan Collins,53,Support,2010-01-01,19,LUMERIA,122229.00,5,NULL,5
9978,Tommy Ward,27,Other,2013-01-01,4,LUMERIA,105106.00,5,NULL,NULL
1187,Geoffrey Gomez,39,Other,2016-01-01,9,VANTOR,109722.00,5,NULL,NULL
1226,Jeffrey Hart,39,Other,2022-01-01,12,VANTOR,110341.00,3,NULL,NULL
1250,Victor Smith,49,Sales,2017-01-01,4,VANTOR,93110.00,2,30945.00,NULL
1266,Jasmin Black,42,Marketing,2012-01-01,14,VANTOR,114214.00,5,NULL,NULL
1546,Jessica Sutton,41,Marketing,2020-01-01,18,VANTOR,123087.00,5,NULL,NULL
1692,Mark Johns,31,Other,2012-01-01,9,VANTOR,117114.00,5,NULL,NULL
1903,Clayton Singh,52,Support,2013-01-01,18,VANTOR,92054.00,2,NULL,3
1904,Debra Rodriguez,42,Other,2015-01-01,10,VANTOR,95027.00,2,NULL,NULL
2135,Sarah Turner,36,Other,2018-01-01,4,VANTOR,95341.00,5,NULL,NULL
2260,Wendy Taylor,41,Other,2016-01-01,5,VANTOR,90514.00,2,NULL,NULL
2507,Scott Henderson,33,Other,2021-01-01,6,VANTOR,107985.00,4,NULL,NULL
2589,Laurie Lee,53,Other,2018-01-01,19,VANTOR,118055.00,3,NULL,NULL
2786,Steven Jones,36,Other,2020-01-01,4,VANTOR,82867.00,2,NULL,NULL
2867,Brandon Fitzpatrick,27,Other,2012-01-01,3,VANTOR,84121.00,3,NULL,NULL
3068,Peggy Solomon,38,Sales,2021-01-01,7,VANTOR,102703.00,1,55883.00,NULL
3086,Michael Hawkins,47,Marketing,2013-01-01,9,VANTOR,93465.00,3,NULL,NULL
3099,Larry Johnson,35,Sales,2023-01-01,1,VANTOR,124313.00,3,79421.00,NULL
3191,David Johnson,42,Support,2011-01-01,19,VANTOR,77771.00,1,NULL,1
3235,Carla Rios,33,Other,2019-01-01,4,VANTOR,96663.00,5,NULL,NULL
3396,Katie Hernandez,43,Other,2016-01-01,15,VANTOR,110360.00,3,NULL,NULL
3674,Richard Fox,38,Other,2013-01-01,16,VANTOR,107996.00,2,NULL,NULL
3676,Becky Ochoa,44,Support,2022-01-01,10,VANTOR,101569.00,3,NULL,4
3884,Justin Brown,56,Support,2013-01-01,14,VANTOR,88086.00,2,NULL,2
4188,James Martinez,53,Support,2019-01-01,8,VANTOR,87111.00,2,NULL,2
4204,Robin Francis,39,Other,2019-01-01,2,VANTOR,100565.00,5,NULL,NULL
4312,Rachel Green,35,Sales,2026-01-01,8,VANTOR,91714.00,2,50034.00,NULL
4378,Brittany Neal,43,Other,2023-01-01,7,VANTOR,91612.00,3,NULL,NULL
4421,Eugene Martin,58,Support,2026-01-01,16,VANTOR,67389.00,1,NULL,1
4513,NULL,47,Sales,2016-01-01,13,VANTOR,123404.00,2,85487.00,NULL
4542,David Simpson,41,Sales,2023-01-01,1,VANTOR,139920.00,4,112376.00,NULL
4622,Alexander Davis,47,Other,2012-01-01,14,VANTOR,126972.00,4,NULL,NULL
4672,Patricia King,37,Other,2015-01-01,15,VANTOR,113249.00,4,NULL,NULL
4904,Rachel Hanna,41,Sales,2021-01-01,13,VANTOR,86846.00,1,29409.00,NULL
5198,Frederick Daniels,45,Marketing,2023-01-01,20,VANTOR,109787.00,2,NULL,NULL
5350,Melissa Johnson,45,Sales,2020-01-01,19,VANTOR,152714.00,4,111697.00,NULL
5581,Nicole Smith,44,Support,2011-01-01,6,VANTOR,86753.00,2,NULL,2
5592,William Gonzales,31,Other,2014-01-01,4,VANTOR,89321.00,3,NULL,NULL
5680,Jasmine Fowler,31,Other,2020-01-01,8,VANTOR,113299.00,4,NULL,NULL
5716,Kevin Lopez,46,Sales,2023-01-01,15,VANTOR,96931.00,1,57551.00,NULL
5865,Adam Morrison,46,Support,2022-01-01,19,VANTOR,108351.00,4,NULL,4
5889,Timothy Dougherty,58,Other,2013-01-01,18,VANTOR,140479.00,5,NULL,NULL
5911,James Cannon,56,Other,2016-01-01,18,VANTOR,129648.00,4,NULL,NULL
6096,Jodi Donovan,52,Other,2021-01-01,7,VANTOR,104729.00,5,NULL,NULL
6141,Caroline Cruz,31,Other,2011-01-01,7,VANTOR,103434.00,4,NULL,NULL
6202,Jennifer Miller,47,Sales,2014-01-01,5,VANTOR,129158.00,3,92171.00,NULL
6254,Alison Wright,34,Other,2026-01-01,10,VANTOR,102895.00,5,NULL,NULL
6376,Taylor Ruiz,27,Support,2024-01-01,4,VANTOR,100425.00,4,NULL,3
6469,Laura Bray,40,Marketing,2022-01-01,1,VANTOR,73105.00,3,NULL,NULL
6580,Erica Johnson,49,Other,2019-01-01,19,VANTOR,127578.00,4,NULL,NULL
6829,Brandon Boyd,NULL,Other,2018-01-01,15,VANTOR,115649.00,2,NULL,NULL
6932,Christopher Brady,51,Other,2020-01-01,9,VANTOR,NULL,4,NULL,NULL
6995,Donna Adams,NULL,Marketing,2016-01-01,12,VANTOR,95387.00,2,NULL,NULL
7001,Bridget Shea,33,Other,2013-01-01,2,VANTOR,82181.00,3,NULL,NULL
7415,Craig Sampson,35,Other,2018-01-01,9,VANTOR,267436.00,2,NULL,NULL
7784,Eric Evans,34,Sales,2023-01-01,2,VANTOR,81758.00,1,29825.00,NULL
8155,Andrew Carlson,56,Other,2013-01-01,19,VANTOR,118420.00,3,NULL,NULL
8440,Christine Willis,41,Other,2023-01-01,15,VANTOR,111960.00,4,NULL,NULL
8779,Denise Singh,34,Other,2011-01-01,8,VANTOR,99611.00,3,NULL,NULL
8955,NULL,30,Other,2014-01-01,3,VANTOR,85280.00,2,NULL,NULL
8998,Amanda Moore,30,Other,2012-01-01,7,VANTOR,89419.00,2,NULL,NULL
9089,Kristina Burton,42,Support,2019-01-01,20,VANTOR,97527.00,3,NULL,3
9175,Blake Lopez,42,Marketing,2024-01-01,5,VANTOR,84273.00,5,NULL,NULL
9200,Lance Lucero,50,Other,2024-01-01,11,VANTOR,95344.00,2,NULL,NULL
9229,Alexander Green,54,Support,2025-01-01,9,VANTOR,98191.00,4,NULL,4
9440,Brian Chavez,31,Marketing,2020-01-01,9,VANTOR,NULL,2,NULL,NULL
9559,Amanda Alvarado,34,Other,2018-01-01,8,VANTOR,94356.00,3,NULL,NULL
9656,Virginia Taylor,32,Sales,2023-01-01,7,VANTOR,117956.00,2,75608.00,NULL
9819,Jessica Hogan,53,Sales,2024-01-01,16,VANTOR,105735.00,2,54986.00,NULL
9849,Glenda Martin,43,Support,2018-01-01,18,VANTOR,89095.00,3,NULL,2
9942,Natalie Robinson,49,Other,2022-01-01,10,VANTOR,102299.00,2,NULL,NULL
1190,NULL,39,Sales,2014-01-01,4,NIRVON,155713.00,4,130321.00,NULL
1205,NULL,48,Other,2010-01-01,4,NIRVON,94584.00,4,NULL,NULL
1269,Martin Lee III,55,Other,2021-01-01,14,NIRVON,NULL,4,NULL,NULL
1278,Allison Herring,54,Other,2024-01-01,16,NIRVON,126623.00,5,NULL,NULL
1411,Selena Burton,46,Support,2020-01-01,14,NIRVON,119233.00,4,NULL,5
1758,Dylan Owen,34,Marketing,2025-01-01,4,NIRVON,76521.00,4,NULL,NULL
1876,Nicole Morgan,39,Sales,2012-01-01,15,NIRVON,114833.00,3,61040.00,NULL
1885,Laurie Gutierrez,27,Sales,2012-01-01,1,NIRVON,138331.00,3,102434.00,NULL
2038,Logan Carter,54,Sales,2010-01-01,16,NIRVON,137759.00,3,105806.00,NULL
2101,Thomas Saunders,60,Other,2017-01-01,16,NIRVON,114219.00,4,NULL,NULL
2127,Amber Odonnell PhD,54,Marketing,2020-01-01,15,NIRVON,117411.00,5,NULL,NULL
2148,Rebecca Thomas,52,Marketing,2020-01-01,12,NIRVON,95903.00,2,NULL,NULL
2226,Francisco Bryant,57,Marketing,2017-01-01,12,NIRVON,102534.00,4,NULL,NULL
2331,Tiffany Henderson,38,Sales,2012-01-01,3,NIRVON,82004.00,1,20300.00,NULL
2527,Kristina Freeman,41,Other,2019-01-01,3,NIRVON,85603.00,2,NULL,NULL
2609,Christopher Lee,35,Other,2011-01-01,13,NIRVON,112573.00,3,NULL,NULL
2822,Miranda Gordon,57,Support,2010-01-01,17,NIRVON,82024.00,2,NULL,1
3047,Bethany Mosley,35,Other,2018-01-01,6,NIRVON,94361.00,3,NULL,NULL
3095,Carolyn Williams,50,Other,2021-01-01,15,NIRVON,115773.00,5,NULL,NULL
3620,Kari Bond,40,Marketing,2011-01-01,3,NIRVON,79396.00,2,NULL,NULL
3705,Audrey Allen,53,Other,2024-01-01,11,NIRVON,102386.00,4,NULL,NULL
3710,Cristina Burke,36,Other,2018-01-01,8,NIRVON,92044.00,2,NULL,NULL
3858,Douglas Davies,46,Other,2023-01-01,8,NIRVON,101992.00,5,NULL,NULL
3995,Francisco Murphy,50,Sales,2015-01-01,14,NIRVON,162408.00,5,121272.00,NULL
4024,Judith Sanchez,54,Other,2018-01-01,18,NIRVON,130120.00,4,NULL,NULL
4054,Andrea Leonard,29,Support,2026-01-01,1,NIRVON,79284.00,3,NULL,2
4073,Sean Sampson,42,Other,2010-01-01,2,NIRVON,500000.00,3,NULL,NULL
4102,Jeffrey Hall,29,Other,2012-01-01,5,NIRVON,92457.00,3,NULL,NULL
4494,Juan Sanchez,30,Other,2026-01-01,6,NIRVON,79774.00,3,NULL,NULL
4681,Christopher Hernandez,41,Support,2022-01-01,14,NIRVON,91990.00,4,NULL,3
4703,Jason Miranda,56,Other,2019-01-01,19,NIRVON,140421.00,4,NULL,NULL
4766,Matthew Reynolds,51,Sales,2023-01-01,10,NIRVON,116976.00,2,88763.00,NULL
4809,Mrs. Laura Russell,42,Support,2018-01-01,16,NIRVON,116537.00,5,NULL,4
4820,George Harrison,53,Sales,2025-01-01,20,NIRVON,NULL,5,138595.00,NULL
4937,Allen Henry,51,Marketing,2012-01-01,13,NIRVON,109937.00,4,NULL,NULL
5115,Sarah Stein,35,Other,2026-01-01,8,NIRVON,89396.00,5,NULL,NULL
5333,Danielle Garcia,53,Other,2011-01-01,8,NIRVON,112596.00,4,NULL,NULL
5656,Chelsea Rogers,53,Other,2022-01-01,10,NIRVON,102252.00,4,NULL,NULL
6163,Timothy Kelly,42,Support,2023-01-01,19,NIRVON,99919.00,4,NULL,3
6271,Eileen Williams,29,Support,2017-01-01,1,NIRVON,107301.00,4,NULL,3
6500,Jacob Garrison,33,Marketing,2015-01-01,10,NIRVON,95732.00,3,NULL,NULL
6817,Mrs. Lisa Holder MD,40,Other,2017-01-01,17,NIRVON,122876.00,4,NULL,NULL
6885,Corey Jones,35,Marketing,2010-01-01,3,NIRVON,79181.00,2,NULL,NULL
7076,James Reed,41,Other,2024-01-01,10,NIRVON,100926.00,2,NULL,NULL
7177,Victoria Porter,52,Marketing,2010-01-01,20,NIRVON,110286.00,2,NULL,NULL
7183,Thomas Ray,40,Marketing,2023-01-01,4,NIRVON,90835.00,5,NULL,NULL
7198,Joseph Kerr,61,Other,2019-01-01,20,NIRVON,129810.00,3,NULL,NULL
7251,Terry Miller,60,Other,2021-01-01,19,NIRVON,127488.00,3,NULL,NULL
7343,Dr. Rachel Stein DDS,35,Other,2022-01-01,5,NIRVON,85922.00,4,NULL,NULL
7556,NULL,41,Sales,2021-01-01,19,NIRVON,145502.00,4,97175.00,NULL
7794,Matthew Long,26,Marketing,2012-01-01,4,NIRVON,85775.00,3,NULL,NULL
8099,Jason Miller,60,Other,2021-01-01,16,NIRVON,107485.00,2,NULL,NULL
8110,Joshua Wilkins,37,Sales,2023-01-01,14,NIRVON,110795.00,3,65708.00,NULL
8169,Jody Glenn,39,Support,2011-01-01,5,NIRVON,92524.00,2,NULL,3
8183,Beverly Rush,40,Marketing,2012-01-01,3,NIRVON,84931.00,4,NULL,NULL
8213,John Harrison,45,Support,2017-01-01,8,NIRVON,96837.00,3,NULL,3
8273,Russell Lynch,46,Marketing,2012-01-01,6,NIRVON,95198.00,5,NULL,NULL
8410,Derrick Savage,54,Other,2025-01-01,19,NIRVON,117917.00,3,NULL,NULL
8434,Vincent Cunningham,62,Sales,2013-01-01,18,NIRVON,154210.00,4,126998.00,NULL
8478,Robert Cook,53,Other,2019-01-01,17,NIRVON,121946.00,3,NULL,NULL
8592,Nicole Everett,42,Marketing,2021-01-01,15,NIRVON,104463.00,3,NULL,NULL
8631,Kaylee Harris,59,Support,2020-01-01,16,NIRVON,120894.00,4,NULL,5
8722,Mark Grant,30,Other,2012-01-01,5,NIRVON,93496.00,4,NULL,NULL
8898,Adam Adams,39,Other,2011-01-01,6,NIRVON,109839.00,5,NULL,NULL
9101,Michele Mcintosh,30,Support,2021-01-01,2,NIRVON,NULL,3,NULL,4
9134,Janice Lopez,52,Other,2023-01-01,15,NIRVON,114633.00,2,NULL,NULL
9260,Sheila Mcintosh,35,Other,2012-01-01,3,NIRVON,94149.00,4,NULL,NULL
9288,Joseph Crosby,47,Other,2021-01-01,16,NIRVON,107603.00,2,NULL,NULL
9381,Scott Harvey,55,Support,2020-01-01,20,NIRVON,113432.00,4,NULL,5
9416,Joe Long,60,Support,2018-01-01,19,NIRVON,86791.00,2,NULL,2
9487,Christy Rice,38,Sales,2022-01-01,16,NIRVON,128407.00,3,97715.00,NULL
9815,Mary Aguilar,64,Other,2024-01-01,19,NIRVON,123475.00,4,NULL,NULL
9898,Michelle Byrd,42,Marketing,2022-01-01,10,NIRVON,NULL,4,NULL,NULL
1595,Justin Frye,42,Sales,2012-01-01,8,UTOPIA,108201.00,2,54345.00,NULL
1599,Lance Hernandez,62,Other,2025-01-01,18,UTOPIA,120049.00,4,NULL,NULL
1732,Jordan Thompson,33,Other,2025-01-01,11,UTOPIA,90499.00,3,NULL,NULL
2224,Mark Ortiz,49,Support,2023-01-01,6,UTOPIA,90718.00,3,NULL,3
2410,Sarah Abbott,48,Sales,2021-01-01,8,UTOPIA,145447.00,3,118452.00,NULL
2583,James Scott,49,Other,2016-01-01,7,UTOPIA,NULL,3,NULL,NULL
2691,Elaine Benson,36,Support,2019-01-01,7,UTOPIA,102636.00,3,NULL,4
2735,Mary Garza,51,Other,2020-01-01,18,UTOPIA,112702.00,2,NULL,NULL
2747,Kenneth Wright,49,Marketing,2019-01-01,15,UTOPIA,117173.00,5,NULL,NULL
2926,Lindsay Griffith,42,Other,2023-01-01,6,UTOPIA,91936.00,2,NULL,NULL
3186,Peter Hill,36,Other,2010-01-01,9,UTOPIA,103357.00,3,NULL,NULL
3393,Collin Parks,53,Other,2018-01-01,15,UTOPIA,122813.00,4,NULL,NULL
3527,Lisa Ramirez,60,Sales,2017-01-01,19,UTOPIA,121885.00,2,85016.00,NULL
3634,Nicole Peterson,46,Support,2017-01-01,12,UTOPIA,102689.00,3,NULL,4
3645,Michael Smith,28,Other,2020-01-01,4,UTOPIA,88472.00,3,NULL,NULL
3912,Christopher Bell,33,Other,2025-01-01,7,UTOPIA,91509.00,4,NULL,NULL
4050,Jeffery Ramos,35,Marketing,2013-01-01,3,UTOPIA,95087.00,5,NULL,NULL
4145,Christopher Rodriguez,32,Other,2025-01-01,2,UTOPIA,80035.00,5,NULL,NULL
4537,Shawn Marks,52,Other,2018-01-01,17,UTOPIA,NULL,5,NULL,NULL
4838,Crystal Baxter,53,Support,2023-01-01,19,UTOPIA,112595.00,4,NULL,5
5060,Peter Lopez,45,Other,2016-01-01,7,UTOPIA,99019.00,5,NULL,NULL
5123,NULL,43,Other,2026-01-01,6,UTOPIA,74244.00,2,NULL,NULL
5177,Tiffany Thornton,35,Support,2012-01-01,13,UTOPIA,92066.00,2,NULL,3
5402,Karen Greer,31,Support,2015-01-01,4,UTOPIA,118119.00,5,NULL,4
5801,Brenda Davis,49,Support,2017-01-01,13,UTOPIA,107815.00,4,NULL,4
6070,Christopher Waller,50,Other,2024-01-01,13,UTOPIA,108268.00,4,NULL,NULL
6079,Joseph Velasquez,52,Other,2011-01-01,18,UTOPIA,125656.00,3,NULL,NULL
6297,Christina Norris,49,Other,2022-01-01,18,UTOPIA,104975.00,2,NULL,NULL
6337,David Dyer,37,Other,2019-01-01,5,UTOPIA,500000.00,3,NULL,NULL
6341,Amy Johnson,49,Marketing,2019-01-01,6,UTOPIA,97565.00,4,NULL,NULL
6368,Lisa Mosley,54,Other,2022-01-01,10,UTOPIA,100868.00,5,NULL,NULL
6370,Steven Campbell,31,Other,2025-01-01,8,UTOPIA,84146.00,3,NULL,NULL
6471,Heather David,54,Other,2014-01-01,9,UTOPIA,NULL,4,NULL,NULL
6561,Barbara Vargas,28,Sales,2016-01-01,4,UTOPIA,NULL,3,113820.00,NULL
6794,Daniel Kim,35,Other,2013-01-01,8,UTOPIA,99556.00,3,NULL,NULL
6830,Robert Martin,57,Other,2013-01-01,13,UTOPIA,127452.00,5,NULL,NULL
6891,Stephanie Armstrong,54,Marketing,2014-01-01,13,UTOPIA,96771.00,2,NULL,NULL
7342,Donna Bell,39,Support,2013-01-01,13,UTOPIA,NULL,1,NULL,2
7423,Amanda Mathews,51,Marketing,2010-01-01,14,UTOPIA,103138.00,3,NULL,NULL
7595,Heather Hudson,28,Other,2021-01-01,5,UTOPIA,89864.00,2,NULL,NULL
7720,Michelle Sanchez,32,Other,2010-01-01,2,UTOPIA,90228.00,4,NULL,NULL
7917,Sarah Malone,43,Other,2022-01-01,16,UTOPIA,118288.00,5,NULL,NULL
7965,NULL,43,Other,2017-01-01,16,UTOPIA,118180.00,2,NULL,NULL
7991,Daniel Richmond,26,Marketing,2011-01-01,3,UTOPIA,82818.00,3,NULL,NULL
8016,Catherine Fitzgerald,42,Support,2020-01-01,7,UTOPIA,76566.00,1,NULL,1
8111,Michael Alexander,52,Other,2025-01-01,19,UTOPIA,125700.00,5,NULL,NULL
8184,Amanda Long,40,Marketing,2025-01-01,15,UTOPIA,92798.00,2,NULL,NULL
8377,Susan Fuller,37,Other,2011-01-01,10,UTOPIA,105274.00,5,NULL,NULL
8420,Kendra Thompson,56,Other,2025-01-01,12,UTOPIA,99408.00,5,NULL,NULL
8533,John Hartman,41,Other,2014-01-01,18,UTOPIA,125442.00,3,NULL,NULL
9040,Jennifer Brown,37,Marketing,2021-01-01,2,UTOPIA,76666.00,2,NULL,NULL
9106,William Gomez,47,Support,2022-01-01,12,UTOPIA,99847.00,4,NULL,4
9298,Walter Lloyd,49,Other,2022-01-01,4,UTOPIA,95293.00,4,NULL,NULL
9412,Jose Diaz,42,Sales,2023-01-01,12,UTOPIA,80648.00,1,25820.00,NULL
9431,Lisa Wright,48,Marketing,2013-01-01,7,UTOPIA,103337.00,5,NULL,NULL
9493,Theodore Solomon,36,Marketing,2020-01-01,7,UTOPIA,87806.00,2,NULL,NULL
9510,Eric Gomez,35,Other,2012-01-01,10,UTOPIA,102216.00,2,NULL,NULL
9848,Travis Byrd,48,Other,2025-01-01,10,UTOPIA,99081.00,4,NULL,NULL
1051,James Hebert,48,Other,2016-01-01,20,ZEBRONIA,137158.00,5,NULL,NULL
1257,Wendy Baker,39,Sales,2022-01-01,13,ZEBRONIA,165076.00,5,138143.00,NULL
1282,Catherine Gilbert,41,Marketing,2021-01-01,17,ZEBRONIA,106927.00,3,NULL,NULL
1521,Katherine Delgado,51,Sales,2022-01-01,16,ZEBRONIA,90201.00,1,45510.00,NULL
1558,Melinda Sanchez,50,Other,2022-01-01,18,ZEBRONIA,115312.00,5,NULL,NULL
1630,Jasmine Davis,54,Other,2024-01-01,17,ZEBRONIA,115096.00,4,NULL,NULL
1761,Annette Peterson,35,Support,2015-01-01,4,ZEBRONIA,107244.00,4,NULL,3
1763,Shirley Perez,53,Sales,2014-01-01,10,ZEBRONIA,NULL,3,81155.00,NULL
1766,Michael Smith,33,Other,2026-01-01,3,ZEBRONIA,73479.00,3,NULL,NULL
1809,Chase Sims,32,Other,2026-01-01,8,ZEBRONIA,90723.00,3,NULL,NULL
2175,Gregory Romero,33,Other,2018-01-01,9,ZEBRONIA,99362.00,2,NULL,NULL
2246,Christina Small,32,Other,2012-01-01,9,ZEBRONIA,97013.00,3,NULL,NULL
2314,Cheryl Hall,46,Sales,2014-01-01,1,ZEBRONIA,146839.00,4,115963.00,NULL
2499,Misty Williams,29,Sales,2017-01-01,5,ZEBRONIA,135325.00,3,100261.00,NULL
2612,Courtney Hammond,41,Marketing,2021-01-01,6,ZEBRONIA,87963.00,3,NULL,NULL
2768,Valerie Munoz,48,Sales,2013-01-01,8,ZEBRONIA,102803.00,2,49526.00,NULL
3239,Erin Contreras,53,Other,2016-01-01,19,ZEBRONIA,141805.00,5,NULL,NULL
3334,Heather Delgado,42,Sales,2022-01-01,4,ZEBRONIA,112103.00,2,66182.00,NULL
3339,Dillon Fox,45,Other,2015-01-01,17,ZEBRONIA,274840.00,5,NULL,NULL
3659,James Turner,52,Support,2020-01-01,11,ZEBRONIA,88256.00,2,NULL,2
3774,Kaitlyn Wiggins,25,Support,2025-01-01,3,ZEBRONIA,91613.00,3,NULL,4
4020,Troy Mercer,48,Sales,2021-01-01,8,ZEBRONIA,139939.00,4,99256.00,NULL
4216,Kimberly Mendoza,47,Other,2016-01-01,20,ZEBRONIA,122234.00,4,NULL,NULL
4330,NULL,44,Support,2012-01-01,7,ZEBRONIA,78382.00,1,NULL,1
4366,Melanie Blankenship,64,Other,2023-01-01,19,ZEBRONIA,NULL,3,NULL,NULL
4383,William Price,50,Marketing,2012-01-01,12,ZEBRONIA,102715.00,4,NULL,NULL
4629,Luis Johnson,31,Support,2018-01-01,2,ZEBRONIA,88011.00,2,NULL,2
4635,Colton Larson,51,Sales,2025-01-01,15,ZEBRONIA,77887.00,1,26428.00,NULL
4702,Paula Martinez,44,Other,2018-01-01,2,ZEBRONIA,91978.00,5,NULL,NULL
4705,Steven Simmons,50,Other,2010-01-01,6,ZEBRONIA,94037.00,3,NULL,NULL
4877,Lisa Garcia,38,Marketing,2016-01-01,10,ZEBRONIA,103292.00,5,NULL,NULL
4889,David Lawson,43,Other,2017-01-01,6,ZEBRONIA,101846.00,5,NULL,NULL
4925,NULL,24,Other,2023-01-01,1,ZEBRONIA,83475.00,3,NULL,NULL
5031,Jeffrey Owens,35,Other,2014-01-01,3,ZEBRONIA,99662.00,4,NULL,NULL
5086,Catherine Melton,55,Support,2017-01-01,10,ZEBRONIA,76988.00,1,NULL,1
5112,Jordan Wagner,50,Marketing,2024-01-01,19,ZEBRONIA,115678.00,5,NULL,NULL
5151,Adam Powers,33,Other,2020-01-01,5,ZEBRONIA,102228.00,5,NULL,NULL
5155,Matthew Morris,46,Other,2026-01-01,16,ZEBRONIA,99482.00,3,NULL,NULL
5248,Kimberly Davis,52,Other,2015-01-01,18,ZEBRONIA,133315.00,5,NULL,NULL
5319,Mitchell Nguyen,46,Support,2023-01-01,11,ZEBRONIA,69317.00,1,NULL,1
5336,Christina Doyle,55,Support,2023-01-01,18,ZEBRONIA,91942.00,2,NULL,3
5551,Sarah Miller,42,Sales,2025-01-01,15,ZEBRONIA,87441.00,2,38672.00,NULL
5588,Matthew Harding,48,Other,2024-01-01,16,ZEBRONIA,112823.00,3,NULL,NULL
5902,Laura Hurley,34,Support,2018-01-01,8,ZEBRONIA,85550.00,1,NULL,2
5941,Debra Alvarado,51,Sales,2011-01-01,19,ZEBRONIA,160932.00,5,127813.00,NULL
5999,Raymond Lang,40,Sales,2011-01-01,10,ZEBRONIA,122058.00,2,81626.00,NULL
6122,Eric Bass,28,Other,2026-01-01,2,ZEBRONIA,78219.00,4,NULL,NULL
6258,NULL,45,Other,2018-01-01,4,ZEBRONIA,98032.00,4,NULL,NULL
6502,Casey Alexander,36,Other,2024-01-01,13,ZEBRONIA,100375.00,2,NULL,NULL
6642,Scott Kim,59,Other,2024-01-01,18,ZEBRONIA,131825.00,5,NULL,NULL
6675,Lisa Moore,46,Other,2019-01-01,13,ZEBRONIA,109296.00,2,NULL,NULL
6722,Erica Lopez,42,Other,2020-01-01,10,ZEBRONIA,119960.00,5,NULL,NULL
6873,April Baldwin,41,Other,2015-01-01,7,ZEBRONIA,103229.00,4,NULL,NULL
7144,Herbert Joseph,44,Support,2013-01-01,20,ZEBRONIA,85437.00,1,NULL,2
7176,Jesse Olson,46,Other,2011-01-01,10,ZEBRONIA,100779.00,3,NULL,NULL
7428,Michael Howard,29,Other,2011-01-01,7,ZEBRONIA,100348.00,5,NULL,NULL
7623,Nicholas Williamson,45,Other,2012-01-01,18,ZEBRONIA,115039.00,3,NULL,NULL
7672,Gregory Cannon DVM,30,Other,2017-01-01,2,ZEBRONIA,96978.00,5,NULL,NULL
7882,Monica Orr,29,Other,2012-01-01,4,ZEBRONIA,95105.00,4,NULL,NULL
8095,Michelle Wilkinson,25,Other,2014-01-01,1,ZEBRONIA,80442.00,2,NULL,NULL
8121,NULL,33,Support,2017-01-01,6,ZEBRONIA,NULL,5,NULL,5
8157,NULL,32,Other,2010-01-01,4,ZEBRONIA,104493.00,5,NULL,NULL
8350,Amanda Mccoy,55,Sales,2025-01-01,14,ZEBRONIA,88161.00,2,39531.00,NULL
8400,Brandon Snyder,41,Sales,2026-01-01,8,ZEBRONIA,91845.00,2,49507.00,NULL
8411,Thomas Wagner,57,Other,2015-01-01,16,ZEBRONIA,127188.00,5,NULL,NULL
8458,Ashley Dixon,27,Marketing,2018-01-01,3,ZEBRONIA,83110.00,3,NULL,NULL
8549,Christopher Madden Jr.,40,Other,2022-01-01,7,ZEBRONIA,85974.00,3,NULL,NULL
8624,Matthew Williams,28,Other,2015-01-01,5,ZEBRONIA,101653.00,5,NULL,NULL
8635,NULL,52,Other,2016-01-01,17,ZEBRONIA,120402.00,2,NULL,NULL
8652,Vicki Browning,46,Other,2026-01-01,1,ZEBRONIA,72207.00,4,NULL,NULL
8654,Ariana Frank,45,Marketing,2013-01-01,3,ZEBRONIA,94683.00,5,NULL,NULL
8791,Robert Ramirez,39,Other,2021-01-01,11,ZEBRONIA,114154.00,5,NULL,NULL
8798,Amanda Morris,52,Support,2025-01-01,18,ZEBRONIA,104221.00,5,NULL,5
8985,Jay Booker,50,Other,2023-01-01,7,ZEBRONIA,91727.00,3,NULL,NULL
9066,Kyle Orr,61,Support,2021-01-01,20,ZEBRONIA,86945.00,2,NULL,2
9138,Tyler Thomas,30,Other,2022-01-01,6,ZEBRONIA,91600.00,2,NULL,NULL
9583,Virginia Jenkins,50,Sales,2016-01-01,6,ZEBRONIA,112830.00,2,66570.00,NULL
9907,Erica Doyle MD,29,Other,2015-01-01,3,ZEBRONIA,102660.00,5,NULL,NULL
9970,Austin Dougherty,52,Other,2019-01-01,18,ZEBRONIA,112442.00,2,NULL,NULL
9997,Sharon Shannon,46,Other,2014-01-01,8,ZEBRONIA,102670.00,5,NULL,NULL
1456,Laura Jackson,34,Sales,2025-01-01,8,DROGOL,95249.00,2,50064.00,NULL
1655,Christina Day,42,Other,2024-01-01,18,DROGOL,120047.00,4,NULL,NULL
1843,Ann King,37,Other,2024-01-01,12,DROGOL,104110.00,4,NULL,NULL
2159,Briana Powell,38,Other,2015-01-01,10,DROGOL,100595.00,3,NULL,NULL
2188,Jared Parker,43,Marketing,2021-01-01,4,DROGOL,82414.00,2,NULL,NULL
2239,Jacob Proctor,49,Marketing,2011-01-01,19,DROGOL,111563.00,3,NULL,NULL
2432,Cody Robinson,44,Sales,2020-01-01,5,DROGOL,145268.00,3,115988.00,NULL
2516,Mary Hayes,50,Support,2014-01-01,15,DROGOL,110128.00,5,NULL,4
2705,Samuel Mitchell,31,Other,2013-01-01,2,DROGOL,92120.00,5,NULL,NULL
2835,Angela Humphrey,50,Marketing,2015-01-01,19,DROGOL,NULL,5,NULL,NULL
2844,Susan Pearson,40,Marketing,2026-01-01,7,DROGOL,82313.00,4,NULL,NULL
3182,Charles Mcdonald,46,Marketing,2015-01-01,2,DROGOL,79132.00,3,NULL,NULL
3214,Gerald Owens,56,Other,2017-01-01,20,DROGOL,127832.00,2,NULL,NULL
3307,Crystal Elliott,55,Support,2025-01-01,10,DROGOL,101897.00,4,NULL,5
3371,NULL,29,Marketing,2024-01-01,2,DROGOL,74398.00,4,NULL,NULL
3415,Jessica Williams,52,Other,2010-01-01,14,DROGOL,120142.00,5,NULL,NULL
3526,Kimberly Hall,46,Other,2018-01-01,14,DROGOL,119275.00,4,NULL,NULL
3686,Kelsey Byrd,32,Other,2017-01-01,1,DROGOL,80254.00,2,NULL,NULL
3687,Traci Wells,39,Other,2020-01-01,3,DROGOL,100966.00,5,NULL,NULL
3699,Christina Mckee,42,Other,2024-01-01,19,DROGOL,127208.00,5,NULL,NULL
3769,Jeremy Ross,24,Other,2019-01-01,2,DROGOL,82264.00,3,NULL,NULL
3775,Jennifer Murphy,49,Marketing,2013-01-01,4,DROGOL,96822.00,5,NULL,NULL
3977,Diana Luna,39,Other,2017-01-01,8,DROGOL,114566.00,5,NULL,NULL
4115,NULL,29,Other,2013-01-01,1,DROGOL,95122.00,4,NULL,NULL
4124,Jared Black,31,Sales,2016-01-01,8,DROGOL,138360.00,4,96092.00,NULL
4449,Daniel House,44,Other,2026-01-01,14,DROGOL,95512.00,3,NULL,NULL
4476,Jesse Armstrong,44,Other,2010-01-01,18,DROGOL,124867.00,3,NULL,NULL
4510,John Kelley,43,Marketing,2020-01-01,14,DROGOL,102276.00,3,NULL,NULL
4553,Brittney Robinson,39,Sales,2013-01-01,7,DROGOL,147036.00,4,102729.00,NULL
4554,Tamara Marshall,43,Other,2019-01-01,16,DROGOL,110773.00,3,NULL,NULL
4840,Joshua Espinoza DDS,27,Other,2010-01-01,2,DROGOL,82169.00,2,NULL,NULL
4845,Susan Smith,42,Marketing,2025-01-01,17,DROGOL,104479.00,5,NULL,NULL
4873,Robert Baker,34,Sales,2021-01-01,9,DROGOL,112407.00,2,65978.00,NULL
5106,Melissa Montes,34,Sales,2020-01-01,8,DROGOL,158235.00,4,132499.00,NULL
5214,Tony Walter,53,Other,2012-01-01,13,DROGOL,112924.00,5,NULL,NULL
5261,Cindy Johnston,NULL,Marketing,2014-01-01,7,DROGOL,87676.00,2,NULL,NULL
5284,Joe Carr,47,Other,2019-01-01,7,DROGOL,113079.00,5,NULL,NULL
5378,Sandra Armstrong,46,Support,2021-01-01,9,DROGOL,111888.00,4,NULL,4
5383,Keith Pratt,41,Other,2017-01-01,8,DROGOL,114835.00,5,NULL,NULL
5405,Maxwell Gonzalez,61,Other,2011-01-01,19,DROGOL,142510.00,5,NULL,NULL
5789,Lauren Wise,54,Other,2014-01-01,15,DROGOL,125175.00,5,NULL,NULL
5849,Shawn Bush,44,Other,2023-01-01,10,DROGOL,99548.00,5,NULL,NULL
5950,Meghan Villegas,36,Support,2023-01-01,2,DROGOL,70627.00,1,NULL,1
6135,James Morgan,43,Other,2019-01-01,8,DROGOL,98383.00,2,NULL,NULL
6481,Kyle Sanchez,47,Sales,2017-01-01,15,DROGOL,137438.00,4,94540.00,NULL
6535,Joseph Robertson,34,Sales,2015-01-01,11,DROGOL,144957.00,3,119045.00,NULL
6643,Christopher Marshall,49,Other,2024-01-01,16,DROGOL,111603.00,3,NULL,NULL
6916,Kyle Guzman,55,Other,2021-01-01,17,DROGOL,112326.00,3,NULL,NULL
6918,Leslie Martin,36,Other,2025-01-01,6,DROGOL,85167.00,3,NULL,NULL
6975,Rebecca Russell,30,Marketing,2013-01-01,3,DROGOL,79491.00,2,NULL,NULL
7062,Frank Chavez,52,Sales,2010-01-01,10,DROGOL,160642.00,5,130913.00,NULL
7231,Brandy Webster,46,Support,2010-01-01,8,DROGOL,88383.00,2,NULL,2
7489,Robert Ellis,38,Other,2023-01-01,14,DROGOL,112056.00,4,NULL,NULL
7599,Joyce Williams,39,Other,2022-01-01,16,DROGOL,116901.00,2,NULL,NULL
7679,NULL,38,Marketing,2024-01-01,12,DROGOL,97029.00,5,NULL,NULL
7694,Lynn Johnson,28,Sales,2010-01-01,1,DROGOL,110983.00,2,61120.00,NULL
7730,David Jacobs,43,Marketing,2010-01-01,11,DROGOL,94789.00,2,NULL,NULL
7997,Peter Green,57,Other,2012-01-01,17,DROGOL,129075.00,5,NULL,NULL
8089,Jennifer Rodriguez,54,Support,2013-01-01,12,DROGOL,102939.00,3,NULL,4
8120,Jorge Bowen,30,Other,2024-01-01,2,DROGOL,86766.00,4,NULL,NULL
8133,Carlos Espinoza,58,Other,2018-01-01,18,DROGOL,122942.00,2,NULL,NULL
8387,Troy Gordon,37,Marketing,2019-01-01,12,DROGOL,109448.00,4,NULL,NULL
8469,Patricia Bright,57,Other,2012-01-01,20,DROGOL,115952.00,2,NULL,NULL
8959,Charles Munoz,44,Other,2023-01-01,10,DROGOL,99161.00,5,NULL,NULL
9180,David Baker,51,Marketing,2015-01-01,10,DROGOL,104430.00,4,NULL,NULL
9196,Andrew Branch,40,Sales,2015-01-01,16,DROGOL,143106.00,4,104780.00,NULL
9244,Benjamin Day,37,Marketing,2015-01-01,5,DROGOL,99608.00,5,NULL,NULL
9580,Alicia Molina,60,Other,2025-01-01,15,DROGOL,113168.00,4,NULL,NULL
9857,Maria Aguilar,38,Other,2020-01-01,15,DROGOL,104361.00,2,NULL,NULL
